time, nthreads, ndatablocks, nitems, padding, niters
0.294267, 0, 0, 100000
0.294861, 0, 0, 100000
0.297702, 0, 0, 100000
0.293365, 0, 0, 100000
0.294598, 0, 0, 100000
0.308731, 1, 100, 100000
0.308672, 1, 100, 100000
0.30801, 1, 100, 100000
0.304899, 1, 100, 100000
0.3078, 1, 100, 100000
