time, nthreads, ndatablocks, nxs, nyz, nzs, padding, niters
0.00182009, 1, 100, 27
0.001858, 1, 100, 27
0.00127101, 1, 100, 27
0.00204897, 1, 100, 27
0.00130486, 1, 100, 27
0.063391, 1, 100, 1728
0.061389, 1, 100, 1728
0.0648339, 1, 100, 1728
0.0616841, 1, 100, 1728
0.0618811, 1, 100, 1728
3.61792, 1, 100, 110592
3.63375, 1, 100, 110592
3.64917, 1, 100, 110592
3.69312, 1, 100, 110592
3.61662, 1, 100, 110592
