time, nthreads, ndatablocks, radius, nrows, ncols, padding, niters
0.057622, 0, 0, 10000
0.061909, 0, 0, 10000
0.0571802, 0, 0, 10000
0.062454, 0, 0, 10000
0.247927, 1, 100, 10000
0.246272, 1, 100, 10000
0.247498, 1, 100, 10000
0.24574, 1, 100, 10000
