time, nthreads, ndatablocks, nxs, nyz, nzs, padding, niters
9.48813, seq, 0, 8000
22.8602, 1, 100, 8000
11.4676, 2, 100, 8000
5.76331, 4, 100, 8000
2.92012, 8, 100, 8000
1.49838, 16, 100, 8000
0.817862, 32, 100, 8000
0.926879, 64, 100, 8000
